subject,age,gender,gender-free-response,ethnicity,race,education,siblings,infreq,bot
00az6gt8iq5hfctoiwex16d6,22,Female,,Not Hispanic or Latino,['White'],Some college,,0.0,0
06bbq91suy80q9j76pm6zjm6,27,Female,,Not Hispanic or Latino,['White'],Bachelor degree,,0.0,0
0ddozbstshs0yud86h4ws2e6,24,Female,,Not Hispanic or Latino,['White'],Bachelor degree,,0.0,0
0ebo2aov3p0s87qjkp2ia86v,36,Male,,Not Hispanic or Latino,['Asian'],Bachelor degree,0.0,0.0,0
0iu4qs5k9054br05oho875qo,28,Male,,Not Hispanic or Latino,['White'],Bachelor degree,2.0,0.0,0
0lrvsj3hcaybws07zl60bqyv,41,Female,,Not Hispanic or Latino,"['Black or African American', 'White']",Bachelor degree,,0.0,0
0prwca8v4cebrfcs5sokvp28,21,Male,,Not Hispanic or Latino,['White'],High school,5.0,0.0,0
0qbjjur1k4df2hd92vzm2gzn,18,Female,,Hispanic or Latino,['White'],High school,,0.0,0
0rtacq1d260w3bmmklv6qphp,18,Female,,Not Hispanic or Latino,['Asian'],High school,,0.0,0
0u7vyfzsd3lftdyor9ab1x9t,36,Male,,Not Hispanic or Latino,['Black or African American'],High school,3.0,0.0,0
0uqhxsnk750v8omhjw8b2ye7,28,Female,,Not Hispanic or Latino,['Asian'],Bachelor degree,,0.0,0
0uss845a2x09gu1f5usym1bz,23,Male,,Not Hispanic or Latino,['White'],Bachelor degree,,2.5,0
0vqn1upyl601lf3ca6bhjysf,22,Female,,Not Hispanic or Latino,['White'],Some college,,0.0,0
121dxw46an9iw6j4m2k8woes,51,Male,,Not Hispanic or Latino,['White'],Bachelor degree,0.0,0.0,0
132y92m9swiq68j8n3d9ctwd,18,Female,,Not Hispanic or Latino,['White'],High school,,0.0,0
13fa4w7oev22ej2nhbwxcns2,45,Female,,Not Hispanic or Latino,['White'],High school,,1.0,0
1aiy8hwjnwpnub0whpbljchk,63,Male,,Not Hispanic or Latino,['White'],Bachelor degree,,0.0,0
1cg60o836i8rze165nghjudv,20,Female,,Not Hispanic or Latino,['White'],Associate degree,,0.0,0
1hi9ayj4ebjqc155rp36kmg4,32,Male,,Not Hispanic or Latino,['White'],Bachelor degree,,0.0,0
1hy301wmlowu82fwci2tflfo,21,Female,,Not Hispanic or Latino,['White'],High school,,0.0,0
1o06cdjpkd706hvnfogt741x,26,Male,,Not Hispanic or Latino,['White'],Bachelor degree,1.0,0.5,0
1ok9tbtsufmrn7xd9u8u7u6p,35,Male,,Not Hispanic or Latino,['Black or African American'],Bachelor degree,1.0,0.0,0
1or18nqjs1lff4umu7lb9kqf,36,Male,,Hispanic or Latino,['White'],Master degree or higher,0.0,0.0,0
1rxif4vlxgd2dmdmm1i57q67,52,Female,,Not Hispanic or Latino,['White'],Some college,,0.0,0
1seajpn3fakd146mgadl5qno,32,Female,,Not Hispanic or Latino,['White'],Bachelor degree,,0.0,0
1st86r6s7ioow1bxzsp3yzl8,25,Male,,Not Hispanic or Latino,['Black or African American'],Master degree or higher,,0.0,0
1t32wlmy8chk11ibmbkl773y,42,Male,,Not Hispanic or Latino,['White'],Associate degree,1.0,0.0,0
1tbstcu1cdzttg195j2zc3lw,20,Female,,Not Hispanic or Latino,"['Asian', 'White']",Some college,,0.0,0
1xxfhy99ti3rjc0hfmnyzclo,26,Female,,Not Hispanic or Latino,['White'],Bachelor degree,,0.0,0
1ytsg9ug7agkbqw9kwdb7shj,24,Female,,Hispanic or Latino,"['Asian', 'White']",Bachelor degree,,0.0,0
22nty4y2oqtz91gq2k02adte,21,Female,,Not Hispanic or Latino,['Asian'],High school,,0.0,0
22thqt9mi7mof23ixpjy3rf6,25,Female,,Not Hispanic or Latino,['White'],Master degree or higher,,0.0,0
27tjkd7tf4b99l1ny5xmwjm9,19,Female,,Not Hispanic or Latino,['White'],Some college,,0.0,0
29cf5h1nq0bw1b8mxgtr2yt7,24,Female,,Not Hispanic or Latino,['White'],Bachelor degree,,0.0,0
29o34sa262rr1rit2j8gnakn,20,Female,,Not Hispanic or Latino,['White'],Some college,,0.0,0
2aqkyuve1h6669oy8iw9do57,20,Female,,Not Hispanic or Latino,['White'],Some college,,0.0,0
2axwlawflta64f6aqa1yvdjm,19,Female,,Not Hispanic or Latino,['White'],Some college,,0.0,0
2c6en6i4xdjsj931qjedy4oq,31,Male,,Rather not say,['Rather not say'],Some college,,0.0,0
2e07gox6cpoebs73id2upw6r,41,Female,,Not Hispanic or Latino,['White'],Some college,,0.0,0
2e8rl0sz6iwwx7o8qvayy9n7,22,Male,,Not Hispanic or Latino,['Asian'],Some college,2.0,1.5,0
2h7lfxhq7pzzv4iyj7myudex,46,Male,,Not Hispanic or Latino,['White'],Master degree or higher,,0.0,0
2njbo3r8qu7bege5eisr2foe,42,Male,,Not Hispanic or Latino,['White'],Master degree or higher,,2.5,0
2nzz5rcef8lktflpdswwec8u,25,Female,,Not Hispanic or Latino,['Asian'],Bachelor degree,,0.0,0
2p6zfir243bqwq5vr6c6kd4u,58,Male,,Not Hispanic or Latino,['Asian'],Master degree or higher,,0.0,0
2ss98l3v6bkokpv9h32unj0e,51,Male,,Not Hispanic or Latino,['White'],Some college,2.0,0.0,0
2uvqpb99u8eilg71gr8g25rj,35,Female,,Not Hispanic or Latino,['White'],Associate degree,,0.0,0
2v0djwnr52y9oitkx1t83o8b,42,Male,,Not Hispanic or Latino,['White'],Some college,1.0,0.0,0
2x0jh86cr8hmlkbmuerp7g3r,24,Female,,Not Hispanic or Latino,['White'],Bachelor degree,,1.0,0
358l1awec5cdpc2owi3skehw,21,Female,,Not Hispanic or Latino,['White'],Some college,,0.0,0
392jka6is8xx3h86la4l951t,44,Male,,Not Hispanic or Latino,['White'],High school,4.0,0.0,0
3aiwzm0zws3rvhmfqys5wimx,23,Female,,Not Hispanic or Latino,['White'],Bachelor degree,,0.0,0
3brg22zg1yweuy4i1m4633he,39,Male,,Not Hispanic or Latino,['Asian'],Bachelor degree,1.0,1.0,0
3dxb1ogo6rn2dwemowmjry4u,32,Male,,Not Hispanic or Latino,['White'],Less than high school,0.0,0.0,0
3h93vdkefn82hab8u2eow78v,21,Female,,Hispanic or Latino,['White'],Associate degree,,0.0,0
3hdt58mm97cx8m6ljd40pen5,34,Female,,Not Hispanic or Latino,['White'],Bachelor degree,,0.0,0
3jext7xw0q6x7k3rnlyt8scu,38,Male,,Not Hispanic or Latino,['White'],Some college,,0.0,0
3l8g4r399dad9uqhoag3gpsw,22,Female,,Not Hispanic or Latino,"['Black or African American', 'White']",Bachelor degree,,0.0,0
3ntv9r94g6nt2i06jvdnz41p,33,Male,,Not Hispanic or Latino,['Asian'],Master degree or higher,2.0,1.0,0
3q0cqru9j2uezn70fdybjzoc,18,Female,,Not Hispanic or Latino,['Asian'],Less than high school,3.0,0.0,0
3vq0k1mhn8p0y8h2u227bied,27,Female,,Not Hispanic or Latino,['White'],Bachelor degree,,0.0,0
3ws9lsshxzlwgj4tp34j07gs,42,Male,,Not Hispanic or Latino,['White'],Master degree or higher,1.0,0.0,0
3xdx0ixi2rc0bi4txzp73qzc,55,Male,,Not Hispanic or Latino,['White'],Some college,2.0,0.0,0
3zu1i7m99h7ig1x3hs6m4wdb,26,Male,,Not Hispanic or Latino,['Asian'],High school,2.0,0.0,0
40fu4knh4l6eci81qm3yaam2,44,Female,,Not Hispanic or Latino,['White'],High school,,0.0,0
41ipofjsd3sn0gj47fx2ks1y,35,Male,,Not Hispanic or Latino,['Asian'],Bachelor degree,,0.0,0
42gh9nrv4b52aabhqg7pluxc,18,Female,,Not Hispanic or Latino,['White'],High school,,0.0,0
43oo8t6g0cyhfoeani834f7k,32,Female,,Not Hispanic or Latino,['White'],Associate degree,,0.0,0
44iuuofqcfk19t64ete8q9no,27,Male,,Not Hispanic or Latino,['White'],Master degree or higher,2.0,0.0,0
4507qjinm6e977s6g528j6yr,40,Male,,Not Hispanic or Latino,['White'],Associate degree,1.0,0.0,0
48usldh84xvh5lljbipcio5l,35,Female,,Not Hispanic or Latino,['White'],Associate degree,,0.0,0
49cq508hlldgsiys4ey2f7d1,20,Female,,Hispanic or Latino,['White'],Some college,,0.0,0
4gzbd0g76anh09wn52a1sv5o,28,Male,,Not Hispanic or Latino,['Asian'],Master degree or higher,,0.0,0
4j8lashveajbqkktribpne2z,18,Male,,Hispanic or Latino,['Rather not say'],High school,,0.0,0
4m4klqck8fk9fflvzk8i9kwq,30,Male,,Not Hispanic or Latino,['White'],Bachelor degree,3.0,0.0,0
4qj2t5mw9iwz31vw6kx75by7,21,Female,,Not Hispanic or Latino,['White'],Some college,,0.0,0
4qrgpxv1nj3gugicazbpfyvf,20,Male,,Not Hispanic or Latino,['White'],High school,,0.0,0
4r900fuja3u7v7zl2mj3mynk,20,Female,,Hispanic or Latino,['White'],Associate degree,,0.0,0
4yhfs0soc07h5qf2ei5abji1,54,Female,,Not Hispanic or Latino,['White'],Bachelor degree,,0.0,0
555ejfhwd8zik6qbapvpv8im,40,Male,,Not Hispanic or Latino,['White'],Associate degree,2.0,0.0,0
57ti65nziow0m5925iorqga8,27,Female,,Not Hispanic or Latino,['White'],Some college,,0.0,0
58anl96181rf4x41z2wnwdt0,22,Male,,Not Hispanic or Latino,['White'],Bachelor degree,,0.0,0
5b3a8zoqkxivz7hsxs55x626,74,Male,,Not Hispanic or Latino,['White'],High school,2.0,0.0,0
5b8p7jfebysu69fl0qctghga,25,Female,,Hispanic or Latino,['Rather not say'],Associate degree,,0.0,0
5btaixnbjzedyt4tyrk8jzbo,35,Female,,Not Hispanic or Latino,['White'],Master degree or higher,,0.0,0
5bu5lm0t0llmf5263seou44l,26,Female,,Not Hispanic or Latino,['White'],Bachelor degree,,0.0,0
5cud0toeaphyn67uyw0exeu8,30,Female,,Not Hispanic or Latino,['Black or African American'],Some college,,1.0,0
5eg1ugpp71z93hulh1lmi11g,26,Female,,Not Hispanic or Latino,['White'],Master degree or higher,,0.0,0
5iby9yhvn3ivw9p0yqmddfkr,26,Female,,Hispanic or Latino,['Rather not say'],Bachelor degree,,0.0,0
5jl13pl6e4ig3hult43rtzv1,29,Other,nonbinary,Not Hispanic or Latino,['White'],Some college,,0.0,0
5l9qugb47qobsvit4wd7h2mo,22,Female,,Not Hispanic or Latino,['White'],Bachelor degree,,0.0,0
5lq2b7j91jn17qku0koxt0s7,33,Male,,Not Hispanic or Latino,['White'],Some college,,0.0,0
5nn9kb1aqsp08j4qb7s6635o,19,Female,,Not Hispanic or Latino,['White'],Some college,,2.0,0
5p4kc9mr82134zmlvve1eoe1,50,Female,,Not Hispanic or Latino,['White'],Bachelor degree,,0.5,0
5r1ngdty708ex6tru7cmsr2b,41,Male,,Not Hispanic or Latino,['Asian'],Some college,2.0,0.0,0
5vhq6nac2h87zu9qdfzajvhg,19,Other,Nonbinary,Hispanic or Latino,['White'],High school,,0.0,0
5vxqwrmsbq4aiulhtqrcb5ok,38,Male,,Not Hispanic or Latino,['White'],Master degree or higher,,2.0,0
5zb12xkhrr7qmarypfjzsr7b,20,Female,,Not Hispanic or Latino,['White'],Some college,,0.0,0
62p3v34fbxz9esv4vgnu1hrt,23,Male,,Not Hispanic or Latino,['Asian'],Bachelor degree,3.0,0.0,0
68e5ick4ta500m65d98s1sa0,32,Male,,Not Hispanic or Latino,['White'],Bachelor degree,2.0,0.0,0
68vl61ubewt7tg5n2mwu3kl5,22,Female,,Not Hispanic or Latino,['White'],Bachelor degree,,0.0,0
6933y1jqtq48wntix48a9nuk,26,Female,,Not Hispanic or Latino,['White'],Some college,,0.0,0
69v3au2fa1l21owysy855bj9,23,Female,,Hispanic or Latino,['White'],Some college,,0.0,0
6grd6uv1bm05svnwm2jwi6nb,27,Female,,Not Hispanic or Latino,['White'],Master degree or higher,,0.0,0
6gshs6ggr2l5ygw9mn7bayar,45,Male,,Not Hispanic or Latino,['Asian'],Master degree or higher,,0.0,0
6iygi7fhyc6yo15biflhvizi,20,Female,,Not Hispanic or Latino,['White'],Some college,,0.0,0
6lvygdy8gdl3lcibibm8zlvh,19,Female,,Not Hispanic or Latino,['White'],Some college,,0.0,0
6mnnlg8lmniui2g0en2qlkg9,32,Female,,Not Hispanic or Latino,['White'],Associate degree,,0.0,0
6pj15l0d7u8zanr529q7ubt9,46,Male,,Not Hispanic or Latino,['White'],Some college,4.0,0.0,0
6r30aln2scjpox9rtw9wugcr,32,Male,,Not Hispanic or Latino,['Asian'],Associate degree,1.0,0.0,0
6vm5zh438t0ul4gl4nf7w0pa,37,Female,,Not Hispanic or Latino,['White'],Bachelor degree,,0.0,0
6w5bt9hi1ptyw9ok2yd2q8wc,27,Male,,Not Hispanic or Latino,['Asian'],Some college,0.0,0.0,0
6waz43s867y0v6gjtgzs5sw2,49,Female,,Hispanic or Latino,['White'],Master degree or higher,,0.0,0
6ww6pvc2c518hkmv9ti46r19,27,Female,,Not Hispanic or Latino,['White'],Bachelor degree,,0.0,0
6ydtrzpjqsu3c6ttbfwfw2xp,28,Male,,Rather not say,['White'],High school,,0.0,0
71m94009ktdvi5aqin6dt8d3,21,Female,,Not Hispanic or Latino,['White'],Some college,,0.0,0
78z7umaqfpyzy02bhj2dfwth,33,Male,,Hispanic or Latino,['Asian'],Bachelor degree,1.0,2.0,0
7a0u3ufadfto2ul1odyhloz1,28,Male,,Not Hispanic or Latino,['White'],High school,2.0,0.0,0
7apxmshk31zo3kieats08tnt,19,Female,,Not Hispanic or Latino,['White'],Some college,,0.0,0
7cz54hoo7xa9zvb2ssm0iqo0,26,Male,,Not Hispanic or Latino,['White'],Bachelor degree,,0.0,0
7hewkdm5gx44r3o4w97zmep4,19,Male,,Not Hispanic or Latino,['White'],Some college,2.0,0.0,0
7hk9355odug55kdlrh7lvbyq,29,Male,,Not Hispanic or Latino,['White'],Bachelor degree,7.0,0.0,0
7i9slmcvd6n8n48wdzmjab9h,33,Male,,Not Hispanic or Latino,['Asian'],Bachelor degree,1.0,0.0,0
7l2ak36epltb1khs4tub3o9e,31,Female,,Hispanic or Latino,['White'],Bachelor degree,,0.0,0
7o83w20k8jx2ir82w18gqrgm,40,Male,,Not Hispanic or Latino,['White'],Master degree or higher,1.0,0.0,0
7qbqe37cbhvnm3xbe0334rn0,37,Male,,Not Hispanic or Latino,['White'],Bachelor degree,,0.0,0
7qtt03496fgh1wnys1w7ek8e,25,Male,,Not Hispanic or Latino,['Asian'],Bachelor degree,4.0,1.0,0
7r59yd9oczza6renkoqsxdr3,40,Male,,Not Hispanic or Latino,['White'],Bachelor degree,1.0,0.0,0
7snt8g03e77403n2twzq7uk2,24,Male,,Hispanic or Latino,['White'],Associate degree,,0.0,0
7x2acm4msuh7zvuo8eyjk08h,25,Female,,Not Hispanic or Latino,['White'],Associate degree,,0.0,0
7xm23ouou4z7plzrzn3l4pub,45,Male,,Not Hispanic or Latino,['Rather not say'],Bachelor degree,3.0,1.0,0
82uk2r0vzrka3jygt623mjio,38,Male,,Hispanic or Latino,['American Indian/Alaska Native'],Bachelor degree,0.0,0.0,0
842cq5shzoz3x8vfm9tvtby6,23,Female,,Not Hispanic or Latino,"['Native Hawaiian or other Pacific Islander', 'White']",Associate degree,,0.0,0
8475dwiewn87r504ymqlk6o8,19,Female,,Not Hispanic or Latino,['White'],High school,,0.0,0
85xvjw0vzkp94qxwghzoabay,34,Female,,Not Hispanic or Latino,['Asian'],Bachelor degree,,1.0,0
8b6sivicwikrgldhve50cql0,23,Female,,Not Hispanic or Latino,['White'],Bachelor degree,,0.0,0
8c9mpubzyxa31qfw4d2rrlmr,18,Female,,Hispanic or Latino,['White'],Some college,,0.0,0
8cp9bzf642hitkaq2gmv7a22,26,Male,,Hispanic or Latino,['Black or African American'],High school,1.0,0.0,0
8eexu32qmt6597an9cy8fihq,38,Male,,Hispanic or Latino,['White'],Associate degree,4.0,0.0,0
8iebxuhuqf3q5965a8fsdkh3,37,Female,,Not Hispanic or Latino,['White'],Associate degree,,0.5,0
8iofm4eux9prvnejzu75ywdh,18,Female,,Not Hispanic or Latino,['White'],High school,,0.0,0
8lp3mp6m8cy50ycw0a3tp1he,20,Male,,Not Hispanic or Latino,['White'],Some college,0.0,0.0,0
8miyr0sb7pfrx8u6udpq347z,22,Male,,Not Hispanic or Latino,['White'],High school,3.0,1.0,0
8ne5lgcfxo8sc6csuj1gresm,18,Female,,Not Hispanic or Latino,['Asian'],High school,,0.0,0
8ojplmjuvnujmglyrq43mx1c,20,Female,,Hispanic or Latino,['White'],Some college,,0.0,0
8ozufu3qnl7f15kyqx854138,30,Female,,Not Hispanic or Latino,['White'],Bachelor degree,,0.0,0
8qbtm318uvb8nq9629xccx6a,28,Female,,Not Hispanic or Latino,['White'],Associate degree,,0.5,0
8uhzj75d3d6hi4d5fhn2cr0y,42,Female,,Not Hispanic or Latino,['White'],Master degree or higher,,0.0,0
8umk2m8ggw0l7258m2784mud,22,Female,,Not Hispanic or Latino,['White'],Bachelor degree,,0.5,0
8wyjhmkcncwtx71zyxoor8rt,22,Female,,Not Hispanic or Latino,['White'],Bachelor degree,,0.0,0
8y2vdvdqnr4qrxh0xhgoa3ar,20,Male,,Hispanic or Latino,['White'],Some college,,0.0,0
94zm7afto6qp3v4dyx1xxmrv,20,Female,,Not Hispanic or Latino,"['Black or African American', 'White']",High school,,0.0,0
9e6mr4l1d7nhve7d3g6uagme,24,Female,,Not Hispanic or Latino,['White'],Bachelor degree,,0.0,0
9h163xw2cewdogg9u350ss6t,23,Female,,Not Hispanic or Latino,['White'],Some college,,1.0,0
9jxxjyixqqcr4hrdpap4f822,28,Male,,Not Hispanic or Latino,['White'],Some college,3.0,0.0,0
9lub4dahwrnh2hwzviw36qep,20,Female,,Hispanic or Latino,['Rather not say'],Some college,,0.0,0
9m04t7hfxtbkzr1mh4m1ha4k,18,Female,,Not Hispanic or Latino,['White'],High school,,0.0,0
9m27j252bks7gd55ie12xv44,64,Female,,Not Hispanic or Latino,['White'],Some college,,0.0,0
9mkzujnc73ngl879m3knrjmh,24,Male,,Not Hispanic or Latino,['White'],Some college,1.0,0.0,0
9mqp3smgehxzr9bwkezicef4,21,Female,,Not Hispanic or Latino,['White'],Associate degree,,0.0,0
9rc6tkoo44l5q1f4050348c2,36,Female,,Not Hispanic or Latino,['White'],Associate degree,,0.0,0
9sqh0n9ssm2q8pavx35xdqn0,21,Rather not say,,Rather not say,['Rather not say'],Rather not say,2.0,0.0,0
9szhejbicng7plgnwyz5o6e3,21,Female,,Not Hispanic or Latino,['Asian'],High school,,0.0,0
9tgd4gn4orx71pw50ogbo9eo,27,Female,,Hispanic or Latino,['White'],High school,,0.0,0
9yd0q6huaeexbdm9jqxq27k2,37,Female,,Not Hispanic or Latino,['White'],Bachelor degree,,0.0,0
9ysei1jfyjo2huaxjmzxwsix,20,Male,,Not Hispanic or Latino,['Black or African American'],High school,6.0,0.0,0
a0qhssqvsr5gylq6w8unr61f,44,Female,,Not Hispanic or Latino,['White'],Bachelor degree,,0.0,0
a1medfyolibv0kr83ppax2s2,22,Female,,Not Hispanic or Latino,['Black or African American'],Bachelor degree,,0.0,0
a1qf0zztejnal75a0urkw81d,20,Female,,Hispanic or Latino,['White'],Some college,,0.0,0
a2re1jpkyv1rcqybhqu9tjth,45,Male,,Not Hispanic or Latino,['White'],Master degree or higher,,0.0,0
a6l76fiu3o2dmemop7jtdfs9,40,Female,,Not Hispanic or Latino,['White'],Master degree or higher,,0.0,0
a73fhhjmti06p2lqaqyy9r3m,42,Male,,Not Hispanic or Latino,['White'],Master degree or higher,,1.5,0
a7nm784ogr5zs0zugp2r9577,37,Male,,Not Hispanic or Latino,['White'],Master degree or higher,2.0,0.0,0
aa2kwzl2iwsx180pnyhoel89,45,Male,,Not Hispanic or Latino,['White'],Master degree or higher,,3.0,0
aa50a1hu9di482afngmidme4,49,Male,,Not Hispanic or Latino,['Black or African American'],Bachelor degree,5.0,0.0,0
ab8kaj3dfmm90v5hmpamuken,18,Female,,Not Hispanic or Latino,['White'],High school,,0.0,0
aclfx0n0d5ul9s5fton12fnn,20,Female,,Not Hispanic or Latino,['Asian'],Some college,,0.0,0
acvgq8mts6702mkn2j65ej7b,19,Female,,Hispanic or Latino,['White'],Some college,,0.0,0
advwjtyj7gw6lz26z6qfc8g0,47,Male,,Not Hispanic or Latino,['White'],High school,2.0,0.0,0
afntd8m3ab14t608cs6upg26,32,Female,,Not Hispanic or Latino,['Asian'],Master degree or higher,,0.0,0
ag29cyi1chak517jk9gdqb4f,25,Male,,Not Hispanic or Latino,['White'],Less than high school,3.0,0.0,0
ajtsw10m2wqgfcsggaklgon5,20,Female,,Not Hispanic or Latino,['White'],Bachelor degree,,0.0,0
akbw6u6niafjnlud2oa7k63v,30,Female,,Not Hispanic or Latino,['White'],Bachelor degree,,0.0,0
akmbqr1opbp9mhdk4qp0kyol,59,Male,,Not Hispanic or Latino,['White'],Master degree or higher,3.0,0.0,0
aq7b88mddowqxr84g0pp224w,28,Female,,Hispanic or Latino,['Rather not say'],Some college,,0.0,0
ardorkp53mswznr0v4gm8vyq,19,Male,,Not Hispanic or Latino,['Black or African American'],High school,,0.0,0
asiv5pfsyy3xl8bejx5xby82,80,Male,,Not Hispanic or Latino,['White'],Master degree or higher,1.0,0.0,0
ayyx546k17dodv4m4lsuf0aj,47,Male,,Not Hispanic or Latino,['White'],Bachelor degree,0.0,0.0,0
aza3w978kz19jwffanu1t10a,57,Male,,Not Hispanic or Latino,['White'],Master degree or higher,1.0,0.0,0
azaihw0gycj9fwt2mj3iq1l6,35,Male,,Not Hispanic or Latino,['White'],Bachelor degree,1.0,0.0,0
b0lc3wvoshsibcslh7qrsv7x,78,Male,,Not Hispanic or Latino,['White'],Some college,,0.0,0
b15k7ouembm6t7w5zvoqdwnw,34,Female,,Not Hispanic or Latino,['White'],Bachelor degree,,1.0,0
b416frlple6idj4yupwom1lg,40,Male,,Not Hispanic or Latino,['White'],Some college,,0.0,0
b5p0l3i6cogxjkrbrrnzufjx,25,Female,,Not Hispanic or Latino,['White'],Some college,,0.0,0
b636o0ltwk1x5is32h4mx3jn,27,Female,,Not Hispanic or Latino,['White'],Master degree or higher,,0.0,0
bcudyb86iqxn94ehahuoxr6a,26,Male,,Not Hispanic or Latino,['White'],Some college,2.0,0.0,0
bhegqd961zr78xm252xrfzlg,24,Female,,Hispanic or Latino,"['American Indian/Alaska Native', 'White']",Some college,,0.5,0
bn7z5thzs8j5nx5wa7yjkolu,30,Female,,Not Hispanic or Latino,['White'],Some college,,0.0,0
bt0dytqb56hhtd4bwih2d3rv,34,Female,,Not Hispanic or Latino,['White'],Master degree or higher,,0.0,0
btogftwlntqo82q7z2wbc7j9,21,Female,,Not Hispanic or Latino,['White'],Some college,,0.0,0
butr4l3m0b67lpsr96mscg4i,27,Female,,Not Hispanic or Latino,['White'],Master degree or higher,,0.0,0
bvydt2odpc955rjfh6q918iq,32,Male,,Not Hispanic or Latino,['White'],Bachelor degree,2.0,0.0,0
bw1vvd9w4lcju0ipi3f5s1q2,25,Female,,Not Hispanic or Latino,['White'],High school,,0.0,0
byj1or806vxp0bvucdydq5pk,41,Male,,Not Hispanic or Latino,['White'],Bachelor degree,3.0,0.0,0
c0vrenoo2shnkkdb2n31coep,20,Female,,Not Hispanic or Latino,['White'],Some college,,0.5,0
c3nz8daw3hdyn9g0g4bnqj7f,37,Female,,Not Hispanic or Latino,['White'],Bachelor degree,,0.0,0
c3wfq7xsnxxzyoer55xte1y1,20,Male,,Not Hispanic or Latino,['White'],Associate degree,4.0,1.5,0
cdc7x2db1r47jzhu3c1ijv9a,37,Male,,Not Hispanic or Latino,['White'],Bachelor degree,,0.0,0
cf3hmzy6o8cxfaa7zyz2kzz4,46,Male,,Not Hispanic or Latino,['Black or African American'],Master degree or higher,3.0,0.0,0
ch8oq0knbhed55ukri8wshcw,25,Female,,Not Hispanic or Latino,['White'],Master degree or higher,,0.0,0
chk4hvk2ahph58weqfpijcgh,22,Female,,Not Hispanic or Latino,['White'],Some college,,0.0,0
cnsmzb0uxa53jzhh05zd6c44,44,Male,,Not Hispanic or Latino,['White'],Bachelor degree,4.0,0.0,0
cp0k6uf2oq2a9uofqlxkh2r4,25,Male,,Hispanic or Latino,['White'],Associate degree,3.0,0.0,0
cpqx4n7wljrtbo3idt8hetpn,53,Female,,Not Hispanic or Latino,['White'],Some college,,0.0,0
cq84myp9vt7eyqwwppsame9k,48,Male,,Not Hispanic or Latino,['White'],Some college,3.0,0.0,0
cqjj6g5211bvzaugg3305xwx,19,Male,,Not Hispanic or Latino,['White'],Some college,2.0,0.0,0
cqugxw5ecxjpz5z5rtlsijb7,35,Male,,Not Hispanic or Latino,['White'],Bachelor degree,1.0,0.0,0
cr779rcy4awf979grnapvr25,70,Male,,Not Hispanic or Latino,['White'],Master degree or higher,2.0,0.0,0
cr7vqz1pz2gn1sronf7wpbi8,20,Female,,Hispanic or Latino,['White'],High school,,0.0,0
czctvu9nkd0jbosc9sepwsfy,24,Female,,Not Hispanic or Latino,['White'],Some college,,0.0,0
czu1pug72rml9nru6hn41yyw,23,Female,,Not Hispanic or Latino,['White'],Master degree or higher,,0.0,0
d0hgjusohzj8pdr0ir91p9rv,22,Male,,Not Hispanic or Latino,['White'],Some college,,0.0,0
d2kli34lfj66h8771kyrxbcy,55,Male,,Not Hispanic or Latino,['White'],Bachelor degree,1.0,0.0,0
d7nne0iuf45pcds2s258nc0l,23,Male,,Not Hispanic or Latino,['Black or African American'],Some college,2.0,0.0,0
d8w5jr0cbf0zw70cya54oh9d,28,Female,,Not Hispanic or Latino,['White'],Some college,,0.0,0
da79zq51mw7pubnwmxleg0sz,48,Male,,Not Hispanic or Latino,['White'],Some college,0.0,0.0,0
dcfmliweewf1rb27zqh646g6,46,Male,,Not Hispanic or Latino,['White'],Master degree or higher,,2.5,0
dd8yu64bw59upyx9gmw0o794,30,Female,,Not Hispanic or Latino,['White'],Bachelor degree,,0.5,0
ddngia9bkan1pisjxc22cgo6,39,Male,,Not Hispanic or Latino,['White'],Master degree or higher,,0.0,0
dhakyb195ed85d4lga5nutv7,18,Female,,Not Hispanic or Latino,['White'],Some college,,2.0,0
dj1tts9m989fnb8fixx4xdof,18,Female,,Not Hispanic or Latino,['White'],High school,,0.5,0
dmf00u3mz6igqpi8c9uu2qpi,21,Female,,Not Hispanic or Latino,['White'],Some college,,0.0,0
dprpw39oryqoozuj4vwkcj8r,20,Male,,Not Hispanic or Latino,['White'],Some college,1.0,0.0,0
dqj988ldfaw7oi6o082dfe9q,20,Male,,Not Hispanic or Latino,['White'],Some college,1.0,1.0,0
dvaez6pwnje6ryt0qgst5la2,52,Male,,Not Hispanic or Latino,['White'],Master degree or higher,6.0,0.0,0
dw6urlt8p7hv5op946iqk9ro,24,Female,,Not Hispanic or Latino,['White'],Bachelor degree,,0.0,0
dy7vyrgz9n1cva7ykcwqyx7s,35,Male,,Not Hispanic or Latino,['White'],High school,,0.0,0
e20cuxg93rteg3mhn8o5qk54,44,Male,,Not Hispanic or Latino,['White'],Master degree or higher,2.0,0.0,0
e32mwfmagbf7fwmli3z5ftuh,21,Female,,Not Hispanic or Latino,['White'],Bachelor degree,,0.0,0
e68dyognczmtadjyu9r2t420,18,Female,,Not Hispanic or Latino,['Asian'],High school,,0.0,0
e73yegtcyz4htrug5azz025k,22,Female,,Not Hispanic or Latino,['Black or African American'],Some college,,0.5,0
e74by6lcb23o8kw9gc58jcsa,28,Female,,Not Hispanic or Latino,"['American Indian/Alaska Native', 'White']",Associate degree,,0.0,0
e9pn8skgbzeofvsxdpwdifx4,20,Male,,Not Hispanic or Latino,['White'],High school,3.0,0.0,0
ear6i2wkvqvg32kch5ggsglq,24,Female,,Not Hispanic or Latino,"['Asian', 'White']",Associate degree,,0.0,0
ee5ukmbt4t5bspnnbu17suar,34,Male,,Not Hispanic or Latino,['Asian'],Bachelor degree,,1.0,0
ejz2n3mdcdnqzca02mqj6a8y,25,Female,,Not Hispanic or Latino,['Asian'],Bachelor degree,,0.0,0
eolobyzk5j37xqsc8y4immk0,22,Female,,Not Hispanic or Latino,['White'],Some college,,0.0,0
ep7pkkwl6pcy93w2ohgltj38,57,Female,,Not Hispanic or Latino,['White'],Bachelor degree,,1.0,0
eq33eq57juyxszxdfz0woylz,34,Male,,Not Hispanic or Latino,['Asian'],Master degree or higher,1.0,0.0,0
eqoicgegwd7qqa8jwtjmg0w5,47,Male,,Not Hispanic or Latino,['White'],Bachelor degree,,0.0,0
erd0nbowym7y58yav27ofpy8,20,Female,,Not Hispanic or Latino,['White'],Some college,,0.0,0
esgy8x2i9t19lhmygdlz321i,49,Female,,Not Hispanic or Latino,['White'],Master degree or higher,,0.0,0
esy7cpik445rxkjfdlb780q7,36,Female,,Not Hispanic or Latino,['White'],Bachelor degree,,0.0,0
euw237jlyhedq3crq1q5vnb5,33,Male,,Not Hispanic or Latino,['White'],High school,0.0,0.0,0
even4fpmut88dd38093wrsp4,20,Female,,Not Hispanic or Latino,['White'],Some college,,0.0,0
evfmcolwyorfsmdhatwneqep,22,Female,,Not Hispanic or Latino,['White'],Some college,,0.0,0
exl5m4x4kxyq4wvs4pfpl09z,51,Male,,Not Hispanic or Latino,['White'],Bachelor degree,2.0,0.0,0
eyfdp0m5b1ptyt2i84697oza,49,Male,,Not Hispanic or Latino,['White'],Bachelor degree,1.0,1.0,0
f0ea4qt7hq3y5a1c23wxroev,31,Male,,Not Hispanic or Latino,['White'],Bachelor degree,1.0,0.0,0
f1nynmfitk1r04xww4y1uflv,21,Female,,Hispanic or Latino,['White'],Bachelor degree,,0.0,0
f4txqa9t73cgyyq00idj6s0o,22,Female,,Not Hispanic or Latino,['White'],Some college,,0.0,0
f576wbsb2z2alvzvts210760,24,Male,,Not Hispanic or Latino,['White'],Bachelor degree,2.0,0.0,0
f59pqs1bmidlkq4rhq1p6p3m,39,Male,,Not Hispanic or Latino,['Asian'],Bachelor degree,1.0,0.0,0
f6uvyvco3ofs0q9cyw7ealqg,32,Male,,Not Hispanic or Latino,['Asian'],Master degree or higher,1.0,1.0,0
f7aawp91rxcnj9gpwc374g6v,36,Male,,Not Hispanic or Latino,['White'],Bachelor degree,,0.0,0
fbjw3fafgkt4d10ueryytwp9,38,Male,,Not Hispanic or Latino,['White'],Master degree or higher,,1.5,0
fchzhcma9dr441i4gl46y4b8,26,Female,,Not Hispanic or Latino,['White'],Bachelor degree,,0.0,0
fcuvkyiop9jhl766cn7lqyrp,36,Male,,Not Hispanic or Latino,['White'],Bachelor degree,2.0,0.0,0
fdm1247x0mxp1nr7gsup0x8w,48,Male,,Not Hispanic or Latino,['White'],Associate degree,3.0,0.0,0
fdyifr7v3wlj2xlwvn6uyxxa,44,Male,,Not Hispanic or Latino,['White'],Associate degree,,0.0,0
fij31fzer799pj03834f33sy,22,Female,,Not Hispanic or Latino,['White'],Master degree or higher,,0.0,0
fkcmtecwmered674st2qlaz5,26,Female,,Hispanic or Latino,['White'],Bachelor degree,,0.0,0
fmtywe15mklp76qbq9lgsvin,31,Female,,Not Hispanic or Latino,"['Black or African American', 'White']",Some college,,0.0,0
fqwo94h5wqu83t2qnf2tt9bc,23,Female,,Not Hispanic or Latino,['Black or African American'],Some college,,0.0,0
frem9ifnkc6uk3jx8pg2axac,33,Male,,Not Hispanic or Latino,['White'],Bachelor degree,,0.0,0
frj4dtzobvxxpwuu5jmfdugg,20,Female,,Not Hispanic or Latino,['White'],High school,,0.5,0
fs9nxi6qyhtdo0hdz4ladk5h,20,Female,,Not Hispanic or Latino,['White'],Some college,,0.0,0
fwqyo5t02fqvxk1qq3u1mov0,52,Female,,Not Hispanic or Latino,['White'],Some college,,0.5,0
fz8ec5agtclcxglg4j2lbe4u,27,Female,,Not Hispanic or Latino,['White'],Bachelor degree,,0.0,0
fzn00mmopn59wa2h7b1osees,62,Male,,Not Hispanic or Latino,['White'],Some college,5.0,0.0,0
g49178an1bcsj8qmcwbk71dx,34,Male,,Not Hispanic or Latino,['White'],Bachelor degree,3.0,0.0,0
g51c4uhtmghc0cgdg6qn5zbo,32,Female,,Not Hispanic or Latino,['White'],Bachelor degree,,0.0,0
g7qfvxbub7m9477g834uw06i,26,Male,,Not Hispanic or Latino,['Black or African American'],Bachelor degree,,0.0,0
g9a2cr05svff3szzmpo9xwcq,24,Male,,Not Hispanic or Latino,['Asian'],Master degree or higher,3.0,2.0,0
gd3ibs1jy0caeyl3548vetjl,60,Male,,Not Hispanic or Latino,['White'],Some college,4.0,0.0,0
gg00zsybhye3fzwrjt292qpe,20,Female,,Not Hispanic or Latino,['White'],Some college,,0.0,0
gjza84ann7u2qeyg90b7odk3,23,Female,,Not Hispanic or Latino,['Asian'],Bachelor degree,,0.0,0
gk991yy2ijiei6r19m1hsl2g,37,Female,,Not Hispanic or Latino,['Black or African American'],Associate degree,,0.5,0
gmd0lppq8jewazb5294vcmse,20,Male,,Not Hispanic or Latino,['Black or African American'],Some college,,0.0,0
gmivhr0ab76kfsfu43ap4rn9,22,Male,,Not Hispanic or Latino,['White'],Bachelor degree,2.0,0.0,0
gmpp9b7mfmim0dlx1fdy28y0,21,Female,,Not Hispanic or Latino,['Black or African American'],Associate degree,,0.0,0
gonh1kyeajuxr8gwyg4kytje,27,Female,,Not Hispanic or Latino,['White'],Master degree or higher,,0.0,0
gycoczb0aj33ivk1brkbzijr,28,Female,,Not Hispanic or Latino,['White'],Bachelor degree,,0.0,0
h0z3tqfdaq4j7h8q3n6ius4z,25,Female,,Not Hispanic or Latino,['Asian'],Bachelor degree,,0.0,0
h1bbgt8zh66njxct8uulj031,20,Male,,Not Hispanic or Latino,['Asian'],High school,2.0,0.0,0
h5iggazot0q7870f96bg4jit,29,Male,,Not Hispanic or Latino,['White'],Bachelor degree,,0.5,0
h6dugihpvvodgm56tuue6tl3,23,Male,,Not Hispanic or Latino,['White'],Bachelor degree,2.0,0.0,0
h6vronjcvqlyi6hhp21v6lg8,50,Male,,Not Hispanic or Latino,['White'],Bachelor degree,3.0,0.0,0
h717wvbh971kloc64n8pepwa,35,Male,,Not Hispanic or Latino,['White'],High school,1.0,0.0,0
h77779ax2a42drdlz6t8q3c5,54,Male,,Not Hispanic or Latino,['White'],Bachelor degree,,0.0,0
h7ml0szjlnh0al4h8crga55p,25,Male,,Not Hispanic or Latino,['Black or African American'],High school,1.0,0.0,0
h9kjnsgfghiy1ok7iop1n68c,44,Male,,Not Hispanic or Latino,['White'],Associate degree,1.0,0.0,0
hbhjkalnixbo26qwntqqc3mk,38,Male,,Not Hispanic or Latino,['White'],Master degree or higher,2.0,0.0,0
hfchnez49774lw3suci0o39s,28,Male,,Not Hispanic or Latino,['Asian'],Bachelor degree,,0.5,0
hg6mzsoglxah7qd64zf4ioep,49,Male,,Not Hispanic or Latino,['White'],Bachelor degree,,1.0,0
hmuycny89x6a4wd08mg3ymls,23,Male,,Not Hispanic or Latino,['Asian'],Master degree or higher,,0.0,0
hoahihpzr53wajl1291bnyhw,70,Male,,Not Hispanic or Latino,['White'],Master degree or higher,3.0,0.0,0
hs6v21x7vqvhg1ufazuk5dxk,21,Female,,Not Hispanic or Latino,['White'],Some college,,0.0,0
hv77neagqvqt2klspy0d6t8x,21,Female,,Not Hispanic or Latino,['White'],Bachelor degree,,0.0,0
hzadj23vuu2xe1uw12cqyiev,21,Female,,Not Hispanic or Latino,['Asian'],Some college,,0.0,0
i205f1fw5hdft7kdi8v09u9a,22,Male,,Not Hispanic or Latino,['White'],Bachelor degree,3.0,0.0,0
i21n5vshtdhj35xgkhkww9qg,24,Female,,Not Hispanic or Latino,['White'],Associate degree,,0.0,0
i2ho6s7fbhmi7mtw7w94s5vy,21,Female,,Not Hispanic or Latino,['Asian'],Some college,,0.0,0
i32gfnzpb9gath03p5h0lktr,35,Male,,Not Hispanic or Latino,['White'],High school,1.0,0.0,0
i5fpa185ufbgh12h2mibnnri,24,Female,,Not Hispanic or Latino,['White'],Bachelor degree,,0.0,0
i6kwlnnaza2ppwj5pjdaoa0b,21,Rather not say,,Not Hispanic or Latino,['White'],Associate degree,,0.0,0
i6q7z7aw2sk8kg8dwme4vcz1,27,Male,,Hispanic or Latino,['Black or African American'],Master degree or higher,1.0,1.0,0
i7teedqoh4opop5in8ajlpuf,22,Female,,Not Hispanic or Latino,['White'],Some college,,0.0,0
i8wetzoq5n9nubulq7hrsb2f,31,Female,,Not Hispanic or Latino,['White'],Bachelor degree,,0.0,0
id1yqdbirj5jzzuo541r4fzv,32,Male,,Hispanic or Latino,['White'],Some college,,0.0,0
ierf9oc4hc4mrvew9dwqk7yf,25,Male,,Not Hispanic or Latino,['White'],Bachelor degree,,0.0,0
iext6kajestp1a9q9xa8n0as,22,Female,,Not Hispanic or Latino,['White'],Some college,,0.0,0
ig3gu79i0v7qkie2j4be4z8v,28,Male,,Not Hispanic or Latino,['Black or African American'],Bachelor degree,3.0,0.0,0
ihjcvlbm9rv5otccy7kevacq,36,Male,,Not Hispanic or Latino,['Black or African American'],Bachelor degree,2.0,0.5,0
ii1o32btmboj7f4oqajd8mj9,21,Female,,Not Hispanic or Latino,['White'],Associate degree,,0.0,0
iilub4fnk2pcd81zh7o17l1i,30,Male,,Not Hispanic or Latino,['Asian'],Bachelor degree,1.0,0.0,0
ij2rba8i2743zos2v73y2trv,59,Male,,Not Hispanic or Latino,['White'],Bachelor degree,3.0,0.0,0
ipcj1feg7m6kulwvziv50q4s,28,Female,,Not Hispanic or Latino,['White'],Bachelor degree,,0.0,0
iq4yk7vxqezdxwjljq4s8nay,22,Male,,Not Hispanic or Latino,['Asian'],Bachelor degree,3.0,0.0,0
isvuzcik6mozh9w5wbnsdmfo,54,Male,,Not Hispanic or Latino,['White'],Bachelor degree,,0.0,0
itzq29ni6mk06cnux1hiqc0m,40,Male,,Not Hispanic or Latino,['White'],Associate degree,2.0,1.0,0
iuk4dfuv7npgopgxien3fsy9,34,Female,,Not Hispanic or Latino,['White'],Master degree or higher,,0.0,0
ivoa9csflgm2rznurxaojz22,27,Female,,Not Hispanic or Latino,['Asian'],Bachelor degree,,0.0,0
iwu67otntbcluhguktp9b72a,22,Male,,Hispanic or Latino,['White'],High school,,0.5,0
iy5j667zx6weekfb18ajnx1o,62,Male,,Not Hispanic or Latino,['White'],High school,1.0,1.0,0
izyztjhkvpa61727ajh7gpuf,25,Female,,Not Hispanic or Latino,['White'],High school,,0.5,0
izzgpe9rylnzvywvo731jehx,18,Female,,Not Hispanic or Latino,['White'],High school,,0.0,0
j2p546lzn81aeurgtmo0nvd9,22,Female,,Not Hispanic or Latino,['White'],High school,,0.0,0
j2szjgqb0h9xxqxw5bo8ls87,21,Female,,Not Hispanic or Latino,['White'],High school,,0.0,0
j5g2nq5nqbvo0qc3pcs3y2fn,32,Male,,Not Hispanic or Latino,['White'],Associate degree,6.0,1.0,0
j5qzxgsrencsujslcm3p0tcr,19,Female,,Not Hispanic or Latino,['White'],High school,,0.0,0
j67m0d01cwgvz3vp6cphyve4,30,Male,,Not Hispanic or Latino,['White'],Associate degree,,0.0,0
j6kqldd4eekvthqrthdd43z3,20,Female,,Not Hispanic or Latino,['White'],High school,,0.0,0
j8hrp2me8cfbnzi6z9v3pasv,31,Male,,Not Hispanic or Latino,['Black or African American'],Master degree or higher,,0.0,0
j8qkytskcv8n7tmbwt5i5tuc,40,Male,,Not Hispanic or Latino,['White'],Associate degree,2.0,0.0,0
jatzmrnkuuqy497h3ok21a3g,25,Female,,Rather not say,['Black or African American'],Bachelor degree,,1.5,0
jby78aruu3m3eur678l7ekmk,54,Male,,Not Hispanic or Latino,['White'],Some college,,0.0,0
jd22a4enskvy53lk2ed095rn,72,Male,,Not Hispanic or Latino,['White'],Master degree or higher,3.0,0.0,0
jf6v024eva49b3vxb8sdi00n,25,Female,,Not Hispanic or Latino,['Asian'],Bachelor degree,,0.0,0
jg0m52ibwunr3im7dwrai7et,21,Female,,Not Hispanic or Latino,"['Black or African American', 'White']",Some college,,0.0,0
jg4ti8ibb5nzt2gi9uh3fvws,24,Female,,Not Hispanic or Latino,['White'],Bachelor degree,,0.0,0
jigxis138yhkid99sey0fgw0,39,Male,,Not Hispanic or Latino,['White'],Bachelor degree,5.0,0.0,0
jpqyjnpdamkaj8tg0psack89,46,Female,,Not Hispanic or Latino,['White'],Master degree or higher,,1.0,0
jqrym1vxumiv1vc567hw707g,21,Female,,Rather not say,['Black or African American'],Bachelor degree,,0.5,0
jstfkq11owv9sodvcsxhadpk,19,Female,,Hispanic or Latino,['White'],Some college,,0.0,0
jstmmmibazx2j67g6b45yj1f,23,Female,,Not Hispanic or Latino,['White'],Some college,,0.0,0
jxxnni4aiusf7tfxgteyqud1,37,Male,,Not Hispanic or Latino,['White'],Bachelor degree,1.0,0.0,0
jyfat86hcfkz770pka5liiz6,42,Female,,Not Hispanic or Latino,['White'],Some college,,0.0,0
k5htgeebxbnz2ttpp1qdng9a,24,Female,,Not Hispanic or Latino,['Black or African American'],Master degree or higher,,0.0,0
k80zce10xxif19w3x263l8o0,32,Male,,Not Hispanic or Latino,['Asian'],Master degree or higher,1.0,0.0,0
k82ykg1acxt2ugyz3pnhcp19,45,Male,,Not Hispanic or Latino,['White'],High school,2.0,0.5,0
k86na3cv1rlnct3ujefe8mmv,33,Male,,Not Hispanic or Latino,"['American Indian/Alaska Native', 'White']",Master degree or higher,,0.0,0
k9aqfixcw0owqvu7u4k6snnm,42,Male,,Not Hispanic or Latino,['White'],Bachelor degree,0.0,0.0,0
kfhwjqfb6t317kegc57nq61n,32,Male,,Not Hispanic or Latino,['White'],Bachelor degree,3.0,0.0,0
klnzvu2eqt9f0gn94j0h2ajq,28,Male,,Not Hispanic or Latino,['White'],Bachelor degree,3.0,0.5,0
kms8eqljg8zzjnvhioersvc3,39,Female,,Not Hispanic or Latino,"['Asian', 'Black or African American', 'White']",Master degree or higher,,0.0,0
knnr2ja14z11t23ewjlwwysh,35,Female,,Not Hispanic or Latino,['White'],High school,,0.0,0
kow96y42aylw8153t4xkn75e,31,Female,,Hispanic or Latino,['White'],Bachelor degree,,0.0,0
kpfgf4d98akz8xetsnsq9okx,31,Female,,Not Hispanic or Latino,['White'],Bachelor degree,,0.0,0
ks82nh1zcv01437c30akjeys,37,Male,,Hispanic or Latino,['White'],Some college,1.0,0.0,0
l1yuqlg9resbn081w81a4dlb,26,Female,,Not Hispanic or Latino,['White'],Bachelor degree,,0.0,0
l35jzutnyea3bvamwjg50p45,43,Male,,Not Hispanic or Latino,['White'],Master degree or higher,,3.0,0
l86hvllsupzrvx428lp0uku5,26,Female,,Not Hispanic or Latino,['White'],Master degree or higher,,0.0,0
l91p7dvscos4ikg35eb7s9n3,26,Female,,Not Hispanic or Latino,['White'],Master degree or higher,,0.0,0
l9ebjvdooayswylh71qitqdz,29,Male,,Not Hispanic or Latino,['White'],High school,1.0,0.0,0
lc7lc8863vxtc0rusnera079,22,Female,,Hispanic or Latino,"['American Indian/Alaska Native', 'White']",Bachelor degree,,0.0,0
lh50n9j39pjrxpi64uvtifn5,20,Male,,Not Hispanic or Latino,['White'],Some college,,0.0,0
lhwil08slf5xozgozxnir86z,18,Female,,Not Hispanic or Latino,['Asian'],High school,,0.0,0
lifcsevh5w28s79o6luy5h8k,22,Female,,Not Hispanic or Latino,['White'],High school,,0.0,0
lipr0gnrq1mqvo8a7klssqus,26,Female,,Not Hispanic or Latino,['White'],Bachelor degree,,0.0,0
lpafvgtyy7zdyfh2j5g3s9gl,34,Female,,Not Hispanic or Latino,['White'],Bachelor degree,,0.0,0
lq1s4cjxob3oxjm4vwmlmgtl,39,Male,,Not Hispanic or Latino,['White'],Master degree or higher,,1.0,0
lrosn8xznl6sn8botoy5bwip,42,Female,,Not Hispanic or Latino,['White'],Master degree or higher,,0.0,0
lt9j702ebwq708qkuciwnbng,21,Female,,Not Hispanic or Latino,['White'],Some college,,0.0,0
lusvylrzjqjyjjhgz0iqlbwg,20,Female,,Not Hispanic or Latino,['White'],Some college,,2.5,0
luzyg604n5scs935elmuid9f,32,Female,,Not Hispanic or Latino,['White'],Some college,,0.0,0
lv8dl7b8ukd1b8ch9hvg49uy,39,Female,,Not Hispanic or Latino,['White'],Some college,,0.0,0
lwqibt70quiqayrjct4hwb1l,21,Female,,Not Hispanic or Latino,['American Indian/Alaska Native'],Some college,,0.0,0
lzk40blycdi7tnfrrxjrv6bb,30,Female,,Not Hispanic or Latino,['White'],Master degree or higher,,0.0,0
m0hbxxq8a2bd991ixe1y0tcl,20,Female,,Hispanic or Latino,['White'],Some college,,0.0,0
m0md9rermrinajmdddrsnr0o,40,Male,,Not Hispanic or Latino,['White'],Less than high school,,0.0,0
m1i13ftxi0z5tcfx5ulyjwh1,38,Male,,Not Hispanic or Latino,['White'],Bachelor degree,0.0,0.0,0
m1irhl9aqlc1xzc0zqnl3pqv,40,Male,,Not Hispanic or Latino,['White'],Master degree or higher,,1.5,0
m3po1rsk8vcq72qw5vemtc3x,20,Female,,Not Hispanic or Latino,['White'],Some college,,0.0,0
m5rd0izmnf16x8htuu3vuu8o,36,Male,,Not Hispanic or Latino,['White'],Bachelor degree,1.0,0.5,0
m7h1zg2r8qjct77pggajt1f3,29,Male,,Not Hispanic or Latino,['White'],Associate degree,2.0,0.0,0
mbetcb3x2ssip3ebjdk51lzn,42,Male,,Not Hispanic or Latino,['Asian'],Bachelor degree,1.0,0.0,0
menlqtev5mn8d7p64nhuv133,28,Male,,Rather not say,['White'],Bachelor degree,,1.0,0
mkkg5udj5z2odhb2a24f7q9w,22,Female,,Not Hispanic or Latino,['White'],Bachelor degree,,0.0,0
mocjjlmysmsqfj26szi54nhg,22,Female,,Not Hispanic or Latino,['White'],Bachelor degree,,0.0,0
mrh60z7gvnkhljouns0bk0ev,21,Female,,Not Hispanic or Latino,['White'],Some college,,0.0,0
msmybr9kd09spjqxdw50vh0z,24,Female,,Not Hispanic or Latino,['White'],Some college,0.0,0.0,0
msr6usl8jqwcwe3ezejmaukv,45,Male,,Not Hispanic or Latino,['White'],Some college,,0.0,0
mu4cyctcqsrgpfe4ru60ylo1,19,Male,,Not Hispanic or Latino,['Asian'],High school,1.0,0.0,0
n2bqnk681zvxh68spppt5u1x,65,Male,,Not Hispanic or Latino,['White'],Bachelor degree,4.0,0.0,0
n2liztwfx57of4me2jg0x8dm,40,Female,,Not Hispanic or Latino,['White'],Associate degree,,0.5,0
n7zou6r6iqhw0urcmlo4cjji,44,Male,,Not Hispanic or Latino,['White'],Bachelor degree,1.0,0.0,0
n9ctwltlor8bghrg9rxbt6vb,57,Male,,Not Hispanic or Latino,['White'],Bachelor degree,,0.0,0
na0pgmqktebl0k3hcn9oqsgg,45,Male,,Not Hispanic or Latino,['White'],Master degree or higher,,2.5,0
na5bicjgxs2ilfqjat5nk638,19,Other,Demigirl,Not Hispanic or Latino,['White'],Some college,,0.0,0
nb9uz4fp693dratbbbej0bnq,38,Male,,Not Hispanic or Latino,['Asian'],High school,1.0,1.0,0
nev5741sgvn1dfte13p6jiyu,34,Male,,Not Hispanic or Latino,['White'],Bachelor degree,2.0,1.0,0
nf95ghuixcw4z42rfg077u3b,24,Male,,Not Hispanic or Latino,['White'],Bachelor degree,2.0,0.0,0
nfnzljkbynme7ah2cchw82sd,22,Male,,Not Hispanic or Latino,['Asian'],Bachelor degree,,0.0,0
nj02seaj5tckmtudm5oeh0xc,31,Male,,Not Hispanic or Latino,['Asian'],Bachelor degree,2.0,0.0,0
nl08zhso6erub2l0tgd8np1b,38,Male,,Not Hispanic or Latino,['White'],Bachelor degree,4.0,0.0,0
nlhbdbuwno0f1sqpbq6ggum5,21,Female,,Not Hispanic or Latino,['White'],Bachelor degree,,0.0,0
nm2xbpymkhxzvhz5wlma3388,70,Male,,Not Hispanic or Latino,['White'],Bachelor degree,2.0,0.0,0
nnk338e97ekc49lqsvysr2wo,19,Other,Nonbinary,Not Hispanic or Latino,['White'],Some college,,0.0,0
np2b2qf3crstnj22o1gwxxl5,23,Female,,Not Hispanic or Latino,['White'],Bachelor degree,,0.0,0
nq6bfj4u4wc3zdwo1staklyx,29,Female,,Not Hispanic or Latino,['White'],Bachelor degree,,0.0,0
nr7rxcu1yf7b5l7bx8x4pjo3,43,Male,,Not Hispanic or Latino,['White'],Master degree or higher,2.0,1.0,0
ns4fqxaqtuie13nhh5t525bq,43,Male,,Not Hispanic or Latino,['White'],Master degree or higher,,2.5,0
nth0jd54yapo93t74m8224b2,23,Female,,Not Hispanic or Latino,['Asian'],Bachelor degree,,0.0,0
ntqrd865jq1ao2jqciw1v72b,22,Female,,Not Hispanic or Latino,"['Asian', 'White']",Bachelor degree,,0.0,0
nvfsc9xuw3pz5fm9tkl3fx7s,28,Male,,Hispanic or Latino,['Rather not say'],Some college,,0.0,0
nwwbtdoj6smz78z1cyqtv9nx,20,Female,,Not Hispanic or Latino,['White'],Associate degree,,0.0,0
ny037pz8bubrl7x1roxx85gk,37,Male,,Not Hispanic or Latino,['White'],Master degree or higher,,2.0,0
ny3ucro9ea9c06je9z38zogv,26,Male,,Not Hispanic or Latino,['Asian'],Bachelor degree,0.0,0.0,0
nyjd45rahg6x4excu5v1zhj6,31,Male,,Not Hispanic or Latino,['White'],Some college,1.0,0.0,0
o0gugjr0w60qohugowrui86b,25,Male,,Not Hispanic or Latino,"['American Indian/Alaska Native', 'White']",High school,2.0,0.0,0
o3qtrzxubo9jshoti8u3dyhg,43,Male,,Not Hispanic or Latino,['Asian'],Associate degree,,0.0,0
o84kdnr64k104iw0jqbzwanu,19,Female,,Not Hispanic or Latino,['Asian'],Some college,,0.0,0
o8rucnj8u5061nj94vnfounh,27,Female,,Not Hispanic or Latino,['White'],Master degree or higher,,0.0,0
oe13gumygm7c69b01y4ni13k,21,Female,,Not Hispanic or Latino,['White'],Some college,,0.0,0
oekhyck9w926kvp9l3kw7k6o,29,Male,,Hispanic or Latino,['White'],High school,,0.0,0
of087hct8ez9aorq1y2w0uga,24,Male,,Not Hispanic or Latino,['White'],Some college,,0.0,0
oj2imimwugkz82ayth6wj6dj,40,Male,,Not Hispanic or Latino,['Black or African American'],High school,,3.0,0
om7z1wq1vsfp44j0lbn5yasj,29,Male,,Not Hispanic or Latino,['White'],Master degree or higher,,2.5,0
omfom66o3a6jg78ixmpx53qo,23,Male,,Not Hispanic or Latino,['White'],Bachelor degree,,0.0,0
ons15j45avv6h05r9kgxf4z3,22,Female,,Not Hispanic or Latino,"['American Indian/Alaska Native', 'White']",Bachelor degree,,0.0,0
onux4yxdu85hfmo9zc760nh2,18,Female,,Not Hispanic or Latino,['White'],Some college,,0.0,0
op0wgtqry3bqmw8bt3oaojzr,24,Male,,Not Hispanic or Latino,['White'],Some college,,0.0,0
orfef3c9ekprcrye84vlq2hi,21,Female,,Not Hispanic or Latino,['White'],Some college,,0.0,0
osmg91v1jpuja4d608gfhav0,18,Female,,Not Hispanic or Latino,['White'],High school,,0.0,0
ow78j3vgewgbnqsb34lz8rnu,36,Female,,Not Hispanic or Latino,['White'],Master degree or higher,,1.0,0
owxvufzt8a9486uc5gfxsjss,23,Male,,Not Hispanic or Latino,['Asian'],Some college,,0.0,0
p08j4epfca4el9rvj8nhz2op,31,Male,,Not Hispanic or Latino,['White'],Bachelor degree,,0.0,0
p0eamb9s4611frm22vo908h1,22,Female,,Not Hispanic or Latino,['White'],Bachelor degree,,0.0,0
p3j9vt6d10k5ctnxj6ptswts,36,Female,,Not Hispanic or Latino,['White'],Bachelor degree,,0.0,0
p5cynbmjsle6iydfh4j2y92p,23,Male,,Not Hispanic or Latino,['White'],Bachelor degree,,0.0,0
p7prrgl8zn8pplc0tvkbnslc,32,Male,,Not Hispanic or Latino,['White'],Bachelor degree,0.0,0.0,0
p96g5yhc99vixof7o3oh0gaf,18,Female,,Not Hispanic or Latino,['Asian'],High school,,0.0,0
pb8ltuexgn81rkdh8b86h99r,31,Female,,Not Hispanic or Latino,['White'],Master degree or higher,,0.0,0
phks35fqat6rz3r6ylppicdc,32,Male,,Not Hispanic or Latino,['White'],Some college,0.0,1.0,0
phouvonazd4mk0ud6emteea1,31,Female,,Not Hispanic or Latino,['White'],Bachelor degree,,0.5,0
piv4l990vgdkg368upuwrwgn,26,Male,,Hispanic or Latino,['White'],Bachelor degree,,1.5,0
pjlkbgjx7nynmx2du67lzyru,30,Female,,Not Hispanic or Latino,['White'],Some college,,0.0,0
pkn2e438bfbo42mptp6xvp09,31,Male,,Hispanic or Latino,['White'],Bachelor degree,2.0,0.0,0
plxy2g3d87tcuebj0i7pp52p,24,Female,,Not Hispanic or Latino,['White'],Master degree or higher,,0.0,0
pnevltylst1ngm1h4oo6mm4z,24,Female,,Not Hispanic or Latino,['White'],Bachelor degree,,0.0,0
poc1osw8wvmeitv1ujixy7zp,20,Female,,Not Hispanic or Latino,['Asian'],High school,,0.5,0
poe7hhh4y8sb6gdlu4zzdnja,22,Male,,Not Hispanic or Latino,['Black or African American'],High school,,0.5,0
poltq2tud54hvz2bc3ltamw8,33,Male,,Not Hispanic or Latino,['Black or African American'],Associate degree,12.0,0.0,0
pp7m9x4nmgi0vlf3yoo98zr5,54,Female,,Not Hispanic or Latino,['White'],Some college,,0.0,0
ppp2i9wnch2tthm5h7iucc4d,22,Male,,Not Hispanic or Latino,['White'],High school,1.0,0.0,0
pq6x5j4v5a06miu03jgwwuaz,46,Female,,Not Hispanic or Latino,['White'],Bachelor degree,,0.0,0
prah5dvnwymt6yhnyld8vgue,25,Male,,Not Hispanic or Latino,['White'],Bachelor degree,1.0,0.0,0
pstflpsne4xhm8yods96eoq5,38,Male,,Rather not say,['Asian'],Bachelor degree,1.0,0.0,0
pu637epva65qahgmrpjccc2r,25,Female,,Not Hispanic or Latino,['White'],Bachelor degree,,0.0,0
puxv1jk91dl9ppdnywodobvt,48,Male,,Not Hispanic or Latino,['White'],Some college,1.0,0.0,0
pv4m6vmnwhkd3vcxrcc9md30,45,Male,,Not Hispanic or Latino,['Asian'],Bachelor degree,,0.0,0
pwfmi34r24nd6ctkas4rby6k,28,Female,,Not Hispanic or Latino,['White'],Some college,,0.0,0
pxiwq2ccxbo7fsb7wdmv1091,21,Male,,Not Hispanic or Latino,['Asian'],Associate degree,2.0,0.0,0
pyh5fi69b7khoq50tjxwchj8,18,Female,,Not Hispanic or Latino,['White'],High school,,0.0,0
q4tdea3a05dmczf4rtve55o1,23,Male,,Not Hispanic or Latino,['Black or African American'],Bachelor degree,4.0,0.0,0
q4uvbmkb5ntikozquklrcoix,20,Female,,Not Hispanic or Latino,['White'],High school,,0.0,0
qgb68d7uun99zi7zn34fwjj2,19,Female,,Not Hispanic or Latino,['White'],High school,,0.0,0
qkaedt7aiinoi1wft8tm01u2,22,Female,,Not Hispanic or Latino,"['Black or African American', 'White']",Bachelor degree,,0.0,0
qoumweo61evkw9dcv92bf6y8,25,Male,,Not Hispanic or Latino,['Black or African American'],Some college,2.0,0.0,0
qowzufsajxu3b3omc24nlbyy,42,Male,,Not Hispanic or Latino,['White'],Associate degree,2.0,0.5,0
qpuvvc2m35ycsbkjohy2wlaf,39,Female,,Not Hispanic or Latino,['White'],High school,,0.0,0
qq8g7o640qykmd41n2mysg4s,64,Female,,Not Hispanic or Latino,['White'],Some college,,0.0,0
qq8vbvhyehi6qtmottiiq8o0,22,Female,,Not Hispanic or Latino,['White'],Bachelor degree,,0.0,0
qs9sjxg27cnb9ga5kvgrk2e5,30,Male,,Not Hispanic or Latino,['White'],Some college,1.0,0.0,0
qt4x87e2wih6obhhe647omzk,42,Male,,Not Hispanic or Latino,['White'],Master degree or higher,,2.5,0
qy9swfsu5klems7y9bem28y7,29,Male,,Not Hispanic or Latino,['Asian'],Bachelor degree,0.0,0.0,0
qyc89q3hgcrb2m4d1eothzvn,29,Female,,Not Hispanic or Latino,['White'],Master degree or higher,,0.0,0
qzakpa4tbtt2mzlkfotp3973,26,Male,,Not Hispanic or Latino,['Black or African American'],Bachelor degree,,0.0,0
r3nitouybli30lujzwml60je,35,Male,,Not Hispanic or Latino,['White'],Bachelor degree,,0.0,0
r3zi0851kuhyb4y4c20lr9bq,57,Male,,Not Hispanic or Latino,['White'],Bachelor degree,,0.0,0
r56x1hlbpx7e8ax9pfwb4t8a,21,Male,,Not Hispanic or Latino,['White'],Some college,,0.0,0
r8iom2qc5qhmzihfbo3wsy90,22,Female,,Not Hispanic or Latino,['White'],Bachelor degree,,0.0,0
r9wlp1d5z702luzzho5ejacn,29,Female,,Not Hispanic or Latino,['White'],Bachelor degree,,0.0,0
rbqda7ne037cjj8byryqd4bm,31,Male,,Not Hispanic or Latino,['Asian'],Bachelor degree,1.0,0.0,0
rfhhvdduhfzdxcrv6oc6kko4,28,Male,,Not Hispanic or Latino,['White'],Bachelor degree,2.0,0.0,0
rfq5r8zhsf0mguu9gs94e99s,21,Female,,Not Hispanic or Latino,['White'],High school,,0.0,0
rhxfiggz2j56cxxitmrk5sp0,22,Female,,Not Hispanic or Latino,['White'],Bachelor degree,,0.0,0
ri4kc6gke821ff2zwuszfs8n,22,Female,,Not Hispanic or Latino,['White'],Bachelor degree,,0.0,0
rklfms1kq64vr04m5l01ncgw,42,Male,,Not Hispanic or Latino,['White'],Master degree or higher,5.0,0.0,0
rl7mxx6zsdbfwvzmzodjlswj,35,Male,,Not Hispanic or Latino,['White'],Bachelor degree,1.0,0.0,0
rlha7egtmqxv4pwei3mre548,36,Male,,Not Hispanic or Latino,['White'],Associate degree,2.0,0.0,0
rwdg9bgt36f06y9gohoe8kll,24,Male,,Not Hispanic or Latino,['White'],High school,1.0,0.0,0
rwrhsby75eayc6grr9llft84,40,Male,,Not Hispanic or Latino,['White'],High school,5.0,0.0,0
ryr3tg8j9bgf08e3bff0b76q,33,Male,,Not Hispanic or Latino,['White'],Master degree or higher,,2.0,0
rz75e4me3bwio55joilomhiw,19,Male,,Not Hispanic or Latino,['White'],Some college,0.0,0.0,0
s0cf7qa5h6yuzag3wfi8yoyp,26,Male,,Not Hispanic or Latino,"['Black or African American', 'White']",Some college,,0.0,0
s0p52egytcv5q7e0ij54ho1x,20,Female,,Hispanic or Latino,['White'],High school,,0.0,0
s291plr5y38ub2zbkcxvm4tr,23,Other,nonbinary,Not Hispanic or Latino,['White'],Bachelor degree,,0.0,0
s4gnp807ht4digpet5ny9itp,24,Male,,Not Hispanic or Latino,['Asian'],High school,1.0,0.0,0
s4ue3rwtfjzngqjk6tpiwbm5,49,Female,,Not Hispanic or Latino,['White'],High school,,0.0,0
s60mw7ag85sehvjfmsofsa5g,20,Male,,Not Hispanic or Latino,['White'],Some college,0.0,0.0,0
s9c4rbjbdcvvmlfa4iny8tr9,28,Female,,Not Hispanic or Latino,['White'],Bachelor degree,,0.5,0
sa22uuent0odq36tauy4ddb4,45,Male,,Not Hispanic or Latino,['White'],Some college,10.0,0.0,0
sad605t8i119g7vrrow6pfjc,31,Female,,Not Hispanic or Latino,['White'],Some college,,0.0,0
sapbg413z9wzdrhs78vwqdtn,27,Male,,Not Hispanic or Latino,"['American Indian/Alaska Native', 'White']",Bachelor degree,,0.0,0
sc4pzdx3w7swku5g80py18ds,27,Female,,Hispanic or Latino,['White'],Associate degree,,0.0,0
scrbz00dnlc2ydwcudqpaf04,19,Female,,Not Hispanic or Latino,"['Black or African American', 'White']",Some college,,0.0,0
sex1jkkpato93nks1dx0n0rb,20,Female,,Not Hispanic or Latino,['White'],Some college,,0.0,0
sg6s0e6kwh2hi6lo2noi1a7u,25,Female,,Hispanic or Latino,['White'],High school,,0.0,0
slc42644m8uqsxvw50gkz0r3,19,Male,,Not Hispanic or Latino,['Rather not say'],High school,2.0,0.0,0
sm47o8xtrwbx8up1asmdo5uc,19,Other,Non-binary,Not Hispanic or Latino,"['Asian', 'Native Hawaiian or other Pacific Islander', 'Black or African American']",Some college,,0.0,0
smuom8httctn2d054a806m4a,25,Male,,Not Hispanic or Latino,['White'],Bachelor degree,,0.5,0
spxx7jjyf2tv0m6cpbersyqm,18,Female,,Not Hispanic or Latino,['White'],Some college,,0.0,0
stgp2wnjt1oush63fr29aaaw,20,Female,,Not Hispanic or Latino,['White'],Some college,,0.0,0
sw01xpzvythbtdu18fqzkmll,24,Female,,Not Hispanic or Latino,['White'],High school,,0.0,0
t0t4izs5dpizrnb4zxkrcia4,32,Male,,Not Hispanic or Latino,['Asian'],Bachelor degree,2.0,0.0,0
t3c3onk1ghpf74zjuqq2q5tl,20,Female,,Hispanic or Latino,['White'],Associate degree,,0.0,0
t8h8j8wqdnubi1jdg6olmo6n,19,Female,,Not Hispanic or Latino,['White'],Some college,,0.0,0
ta8fritlkpwauuhq3jpfyk46,27,Male,,Hispanic or Latino,['White'],High school,0.0,0.0,0
tba45w8odqyw68y1f3668hkw,29,Male,,Not Hispanic or Latino,['Asian'],Bachelor degree,,0.0,0
tbr0thrnc4oxk8tccczmjyg1,28,Male,,Not Hispanic or Latino,['White'],Some college,1.0,0.0,0
tefw6yv2c8oycuns40dc7nas,18,Female,,Not Hispanic or Latino,['White'],Some college,,0.0,0
tfjjojly9rflkjvpuf2babn7,19,Female,,Not Hispanic or Latino,['White'],Some college,,0.0,0
tghfe4vh4uapa6846sxjoxl5,32,Male,,Not Hispanic or Latino,['White'],Bachelor degree,1.0,0.0,0
tivhgydn77miw01w00remsc3,49,Male,,Not Hispanic or Latino,['White'],Master degree or higher,1.0,0.0,0
tlyrc0fiewxrmcruv9u5o4rk,26,Female,,Not Hispanic or Latino,['White'],Associate degree,,0.0,0
tp3dpxfp2e0gau3d0ayez46v,19,Male,,Not Hispanic or Latino,['White'],Some college,3.0,0.0,0
tplatnis91wjc2p8vvkh337y,22,Female,,Not Hispanic or Latino,['White'],Bachelor degree,,0.0,0
tt34bu70konzuqcq3wwau5yg,46,Male,,Not Hispanic or Latino,['White'],Master degree or higher,,0.0,0
tte919c02vtyfl72n71u33ay,32,Male,,Not Hispanic or Latino,['White'],Some college,,0.0,0
txxxl4xpl82xplgndgdb7n2r,31,Female,,Not Hispanic or Latino,['White'],Bachelor degree,,1.0,0
ty12g3xr48r92wuxbqzibt9m,19,Female,,Not Hispanic or Latino,['White'],High school,,0.0,0
u0d4hjyugquxmsh0qznum5pm,27,Male,,Not Hispanic or Latino,['White'],High school,2.0,0.0,0
u2t3lvx1h4z52qeyf8qyvekj,37,Male,,Not Hispanic or Latino,['White'],Some college,2.0,0.0,0
u3dqibhm3nwzznzeigpkf53d,26,Female,,Not Hispanic or Latino,['White'],Bachelor degree,,1.0,0
u5xf5zpkdshyr3mzzyr5k5kf,20,Male,,Not Hispanic or Latino,['White'],Some college,,0.0,0
u90z0bnvcg67ggt79obz3ubr,18,Female,,Hispanic or Latino,['White'],Some college,,0.0,0
uafjvft9lz2umi3wcmtsstmd,21,Female,,Not Hispanic or Latino,['White'],Some college,,0.0,0
ubaaiub5pgfaktw3f7i8yd6e,18,Female,,Not Hispanic or Latino,['White'],Some college,,0.0,0
uefj3lqlyhz1v15yy5ilxfll,18,Other,non-binary,Not Hispanic or Latino,['White'],High school,,0.0,0
uf0xdv07sbfn3bhe8u55ik6c,56,Female,,Not Hispanic or Latino,['White'],Some college,,0.0,0
uh3xlaz883z95iz2r3rqn0pw,18,Female,,Not Hispanic or Latino,['White'],High school,,0.0,0
uhuibtnayyg6b36tg97gff6d,24,Female,,Not Hispanic or Latino,['Asian'],Some college,,1.0,0
ui5zyy9k4weyztnc7cs7nuzi,21,Male,,Not Hispanic or Latino,['White'],High school,1.0,0.0,0
umbyzxwgcajsv8n6zw2mwa52,30,Male,,Not Hispanic or Latino,['White'],Some college,,0.0,0
uot67mbeqh1veoqe5pvcccgh,21,Female,,Hispanic or Latino,['Rather not say'],Bachelor degree,,0.0,0
upukrotfjhgfgi22c6xm2zot,20,Other,Nonbinary,Not Hispanic or Latino,['White'],Some college,,0.0,0
usv56erz6fvdbwk1wqhk4c9n,23,Female,,Not Hispanic or Latino,['White'],Some college,,0.0,0
uvzvmpiw13h5pkxsc66u8mby,34,Male,,Not Hispanic or Latino,['White'],Bachelor degree,0.0,0.0,0
uyd7cok3zgc3dloqiw8nabzl,23,Female,,Hispanic or Latino,['White'],Bachelor degree,,0.0,0
v18lci9g8fsbv8hdbbqc3ke1,22,Female,,Not Hispanic or Latino,['White'],Bachelor degree,,0.0,0
v22wn865qozgk20r1ki6ksqu,70,Female,,Not Hispanic or Latino,['White'],Some college,,0.0,0
v4xw9mx107bvv0048vc5b0gp,27,Female,,Not Hispanic or Latino,['White'],Bachelor degree,,0.0,0
v94wlh4x5d3n0aooyth6runs,30,Male,,Not Hispanic or Latino,['White'],Bachelor degree,1.0,1.0,0
v96brmcpsl6317t0996ug6cz,23,Female,,Not Hispanic or Latino,"['Asian', 'White']",Bachelor degree,,0.5,0
vbcxwhsey3s44jhnhsnhdkja,22,Male,,Not Hispanic or Latino,['White'],Bachelor degree,,0.0,0
vbha6ccidmf1cet4ym2rl2dh,23,Male,,Not Hispanic or Latino,['Asian'],Some college,,0.0,0
vez59kaqvajzl8cvlelb4bsh,34,Female,,Not Hispanic or Latino,['Black or African American'],Some college,,0.0,0
vfl8wmpydmxwf2j0yxn89se0,23,Female,,Not Hispanic or Latino,['White'],Bachelor degree,,0.0,0
vfzqpbjzwek6ldz85xj5sbx2,21,Female,,Not Hispanic or Latino,['White'],Some college,,0.5,0
vfzsfomn1x2ze66dsbk3v6ff,42,Male,,Not Hispanic or Latino,['White'],Master degree or higher,,2.0,0
vjvawfzdzq1pqhwcejf9pnd9,23,Other,Nonbinary,Not Hispanic or Latino,['Black or African American'],Bachelor degree,,0.0,0
vmqtt0yg1sx214xu0iz6ertv,46,Female,,Not Hispanic or Latino,['White'],Associate degree,,0.0,0
vmuhfpsst72c6f8pqpt450dz,53,Male,,Not Hispanic or Latino,['White'],Some college,,0.0,0
vrtwtryxkwfk53gtc7cfq8tz,23,Female,,Not Hispanic or Latino,"['Asian', 'White']",Bachelor degree,,1.0,0
vrxjt17fxmjg87u6dvekp1ni,19,Female,,Not Hispanic or Latino,['White'],Some college,,0.0,0
vt6zlbi9lw1xqp3e866ygqwq,20,Female,,Not Hispanic or Latino,['White'],Some college,,0.0,0
vuhn9qg8w3z01rp1rmdlqkg8,24,Female,,Not Hispanic or Latino,['White'],Associate degree,,0.0,0
vuv192gzklshorsnlv7dqs0n,31,Female,,Not Hispanic or Latino,['White'],Bachelor degree,,0.0,0
w0pnnkylou46yq9wvzg3bqm4,18,Female,,Not Hispanic or Latino,['White'],Some college,,0.0,0
w20vho3vf1g917ya6g35e1au,42,Male,,Not Hispanic or Latino,['White'],Master degree or higher,2.0,0.0,0
w64e9i3pg4fphbpurulemf66,29,Female,,Not Hispanic or Latino,['White'],Master degree or higher,,0.0,0
w88ebgo6nc05uoq8u31jpsri,22,Female,,Hispanic or Latino,['Rather not say'],Bachelor degree,,0.0,0
w9onlo5sdu3vdlltpyzgl0lv,19,Male,,Not Hispanic or Latino,['White'],Some college,2.0,0.0,0
wa1pxrkv1moun4t81j7epbvr,33,Male,,Not Hispanic or Latino,['White'],Some college,1.0,0.0,0
wdqnaqa458ejzccwr8ym2fu8,38,Male,,Not Hispanic or Latino,['White'],Some college,,1.0,0
wf2k3mgzs5y2nwtnd36wnb2p,34,Female,,Not Hispanic or Latino,['White'],Bachelor degree,,0.0,0
wfge1mu5on5m8kp5foalqnhs,19,Female,,Not Hispanic or Latino,"['American Indian/Alaska Native', 'Black or African American', 'White']",Some college,,0.0,0
wfxx8emrhlu8xqjckwnpod29,36,Male,,Not Hispanic or Latino,['White'],Some college,,0.0,0
wgdbcuc6kveyih7un8tdgm6e,34,Female,,Not Hispanic or Latino,['White'],Bachelor degree,,0.0,0
wi9jdvhzueybiiy8cb1ivpz4,29,Male,,Not Hispanic or Latino,['Rather not say'],Bachelor degree,,0.0,0
wkce6kp68t98scigwnl80wbe,35,Male,,Not Hispanic or Latino,['White'],Bachelor degree,3.0,0.0,0
wnayb98v9uj9rrdd0pxdb38v,77,Male,,Not Hispanic or Latino,['White'],Master degree or higher,4.0,0.0,0
wpepzwz9nwkx2vpz2phgp3zk,19,Female,,Not Hispanic or Latino,['Asian'],Some college,,0.0,0
wrohgzmubpi1n0rro30ys4qt,33,Female,,Hispanic or Latino,['White'],Some college,,0.0,0
wskpb1gabvbldl0cuuj3c63i,22,Female,,Not Hispanic or Latino,['White'],Bachelor degree,,0.0,0
wuz3g1acruh3jfyg0sk97sa2,25,Male,,Not Hispanic or Latino,['Asian'],Bachelor degree,0.0,0.0,0
wwfoiwlisuki2qefjhwxu3cc,26,Female,,Not Hispanic or Latino,['Asian'],Master degree or higher,,0.0,0
wx1pvehezfbiwmsferuoohgq,27,Male,,Hispanic or Latino,['Black or African American'],Bachelor degree,,0.0,0
wxlz411mi13xy6rwwqdey4sl,39,Male,,Not Hispanic or Latino,['White'],High school,,0.0,0
wzokff50p4mgvk9p3njrh3as,34,Male,,Not Hispanic or Latino,['Asian'],Master degree or higher,,0.0,0
x3jo5d24r7uuj1etdecyiglt,26,Female,,Not Hispanic or Latino,['White'],Associate degree,,0.0,0
x7achrjaabc6c2r0fgna9ae5,46,Male,,Not Hispanic or Latino,['White'],Some college,3.0,0.0,0
xaf4wz2vz1xp9qfgr1xlh0ou,24,Female,,Not Hispanic or Latino,['Asian'],High school,,0.0,0
xbj6gsxsprd2j451qc67ni0l,22,Female,,Not Hispanic or Latino,['White'],Some college,,0.5,0
xdfmhqedk3h1in5m8igqm86z,37,Female,,Not Hispanic or Latino,['White'],Master degree or higher,,0.0,0
xginjtize8rjf59x0kw7w1nx,26,Female,,Hispanic or Latino,"['American Indian/Alaska Native', 'White']",Master degree or higher,,0.5,0
xnbzzuw8h4dxqrwsqsj90p93,32,Female,,Not Hispanic or Latino,['White'],Associate degree,,0.0,0
xpk6o7h789hvv7shl95aroiy,24,Rather not say,,Rather not say,['Rather not say'],Rather not say,1.0,0.0,0
xwzdkz1mxsb4t8h9thzbexjm,20,Male,,Not Hispanic or Latino,['White'],High school,,0.0,0
xx8i9tuzdqnm41wqdz9o5tm1,31,Male,,Hispanic or Latino,['Rather not say'],Bachelor degree,2.0,0.0,0
xy5i9ewsv09u48vycnetymha,28,Female,,Not Hispanic or Latino,['White'],Master degree or higher,,0.0,0
y06eeb2auzjlravdokzc7sl3,37,Female,,Not Hispanic or Latino,['White'],Some college,,0.0,0
y16mk13n4crshcesqftq4amn,22,Female,,Hispanic or Latino,['Rather not say'],Associate degree,,0.0,0
y2ztv3wr84ke0i2mxgtk426b,37,Rather not say,,Not Hispanic or Latino,['White'],High school,2.0,0.0,0
y6k3b9xfy9l6qmz1psnnxhii,23,Female,,Not Hispanic or Latino,['White'],Bachelor degree,,0.0,0
y8au3qcsu858rll98x9y2ilb,25,Male,,Not Hispanic or Latino,['White'],Some college,5.0,0.0,0
y9ho2apwvrs3u2650962004u,21,Male,,Not Hispanic or Latino,['White'],Some college,3.0,0.5,0
ybfbj3ixjbs8iest2ujhduna,29,Female,,Not Hispanic or Latino,['White'],Bachelor degree,,0.0,0
yc7gh94m4aaicytpu75qpbcl,42,Male,,Not Hispanic or Latino,['Black or African American'],High school,,0.0,0
yczbgykyp7oi1u1k73npagsd,27,Female,,Not Hispanic or Latino,"['Asian', 'White']",Bachelor degree,,0.0,0
ygnluf8zd3rn0ciy30flxgzk,27,Female,,Not Hispanic or Latino,['White'],Master degree or higher,,0.5,0
yi0jq4mgig4351b9vdmm4ys4,28,Female,,Not Hispanic or Latino,['White'],Bachelor degree,,0.0,0
yi2zamu16bn0w7ul3krmcax7,29,Male,,Not Hispanic or Latino,['White'],Master degree or higher,,1.5,0
ylupenbhz39ymux91rrxq6lc,31,Male,,Not Hispanic or Latino,['White'],Master degree or higher,2.0,0.0,0
ym46bahsjszno70n9j9kb0ux,19,Female,,Not Hispanic or Latino,['White'],Some college,,0.0,0
yp09myuleiizp3xdmk1smscq,34,Male,,Hispanic or Latino,['White'],Some college,3.0,0.5,0
yproag4ws9sk4nkqga18h46f,24,Male,,Not Hispanic or Latino,['White'],Some college,1.0,0.0,0
yqy5sy5ec9x4z06ymj7rox43,21,Male,,Not Hispanic or Latino,['Asian'],Associate degree,1.0,0.0,0
yr2sq0b8hv2p84pu2ocnat8v,30,Female,,Not Hispanic or Latino,['Asian'],Bachelor degree,,0.0,0
yv7h5lh30i0djr9o8qz01ead,45,Male,,Not Hispanic or Latino,['Asian'],Bachelor degree,2.0,0.5,0
yxvqnrvwojdy5ppfy679l03b,39,Male,,Not Hispanic or Latino,['Asian'],Rather not say,0.0,1.0,0
z5sentmz0196chxlrseo2vle,24,Male,,Not Hispanic or Latino,['White'],Bachelor degree,,0.5,0
z6ucyl38dol2xx2yk9vexj7s,43,Female,,Not Hispanic or Latino,['White'],Master degree or higher,,0.0,0
z8s4ca9wn66pgl0o1ul71ddo,22,Female,,Not Hispanic or Latino,['White'],Bachelor degree,,0.0,0
zbop6muf7q67y7br5svedi79,76,Male,,Not Hispanic or Latino,['White'],Some college,0.0,0.0,0
zcjam26d10lfnxm7o0i5fgb7,28,Female,,Not Hispanic or Latino,['White'],Associate degree,,0.0,0
zfv2h02d3q7g9b4oivxndaoa,23,Female,,Not Hispanic or Latino,['White'],Associate degree,,0.0,0
zi8uiv8451zi0b733k0txe6r,37,Male,,Not Hispanic or Latino,['White'],Master degree or higher,,0.0,0
zjurl52d1eadapeauydtsjkb,31,Male,,Not Hispanic or Latino,['White'],Bachelor degree,,0.0,0
zkr4un5q4pq5q6vqob2uhi88,27,Male,,Not Hispanic or Latino,['White'],Bachelor degree,1.0,0.0,0
zo8dly1k2zdyjmnjp34dlc4e,70,Female,,Not Hispanic or Latino,['White'],Master degree or higher,,0.0,0
zoq2h8eo99dimhqg8b83zofo,67,Male,,Hispanic or Latino,['White'],Bachelor degree,,0.0,0
zp4qzbxbecs8g5jet898rpqi,22,Rather not say,,Rather not say,['Rather not say'],Rather not say,1.0,0.5,0
ztkugkltv94evldtord0pnpu,48,Male,,Not Hispanic or Latino,['White'],Master degree or higher,,1.5,0
zyb9jdxbstwwfajf7xgduf1s,42,Male,,Hispanic or Latino,['Rather not say'],Master degree or higher,1.0,0.0,0
